book,Z
deuteronomy,7.8887376319228855
exodus,18.033866978551774
genesis,17.414343068731064
hagamad,3.420166979317868
leviticus,19.155865226325552
numbers,18.840606678657107
