book,R,block,perm,seed,n_phrases,n_valid_final_tails,score,null_mean,Z
deuteronomy,10,20,200,1,3152,1680,1.2738095238095237,1.1518214285714286,6.3732186503404336
exodus,10,20,200,1,3825,2344,1.386518771331058,1.2431996587030716,8.629301963675143
genesis,10,20,200,1,4869,2845,1.214762741652021,1.064572934973638,11.68438140552861
hagamad,10,20,200,1,1400,795,0.6742138364779874,0.6776477987421384,-0.1739004841076813
leviticus,10,20,200,1,2657,1549,1.6229825693996127,1.3713428018076177,11.709810256257791
numbers,10,20,200,1,3792,2357,1.2626219770895206,1.0962409843020788,12.101545870073492
