book,Z
genesis,17.723557561217103
hagamad,1.9602894508589865
