corpus,z_global_overlap,z_short_overlap,best_lag,best_lag_overlap,n_windows,stream_len,respect_boundaries,W,step,top_n,max_lag,block,perm,seed
deuteronomy,5.3216041537126975,5.6471735635143006,1,2.3992606284658042,1624,40732,0,150,25,3,20,80,1000,1
exodus,10.587628919572891,8.442895985203737,1,2.469077568134172,1909,47871,0,150,25,3,20,80,1000,1
genesis,10.64233945240452,8.708679028723452,1,2.4648625054561326,2292,57435,0,150,25,3,20,80,1000,1
hagamad,1.51540080125428,1.7545631553467063,1,2.495633187772926,917,23072,0,150,25,3,20,80,1000,1
leviticus,8.799066581188175,7.540186363152233,1,2.495152870991797,1342,33694,0,150,25,3,20,80,1000,1
numbers,5.834299381813919,7.132505295022374,1,2.462506554798112,1908,47843,0,150,25,3,20,80,1000,1
