corpus,file_path,respect_boundaries,stream_len,n_segments,n_windows,W,step,top_n,max_lag,block,perm,seed,short_lag_to,global_overlap_obs,global_overlap_null_mean,global_overlap_null_sd,z_global_overlap,short_overlap_obs,short_overlap_null_mean,short_overlap_null_sd,z_short_overlap,best_lag,best_lag_overlap
deuteronomy,C:\Test\HaShira-Lab\torah-phonetic-architecture\data\data_processed\torah\deuteronomy_phonetic.txt,0,40732,1,1624,150,25,3,20,80,1000,1,5,1.506662534862101,1.4214527114967461,0.0160120559335303,5.3216041537126975,1.9543491671807527,1.8557581739666873,0.017458466984448605,5.6471735635143006,1,2.3992606284658042
exodus,C:\Test\HaShira-Lab\torah-phonetic-architecture\data\data_processed\torah\exodus_phonetic.txt,0,47871,1,1909,150,25,3,20,80,1000,1,5,1.674058467210956,1.5076745061890966,0.0157149407375123,10.587628919572891,2.0693599160545646,1.9245764952780693,0.017148549624468875,8.442895985203737,1,2.469077568134172
genesis,C:\Test\HaShira-Lab\torah-phonetic-architecture\data\data_processed\torah\genesis_phonetic.txt,0,57435,1,2292,150,25,3,20,80,1000,1,5,1.676923076923077,1.5247246767477536,0.014301216462413798,10.64233945240452,2.068588903451289,1.9357732634338138,0.015250951330209228,8.708679028723452,1,2.4648625054561326
hagamad,C:\Test\HaShira-Lab\torah-phonetic-architecture\data\data_processed\modern\hagamad_phonetic.txt,0,23072,1,917,150,25,3,20,80,1000,1,5,1.861334804191947,1.8269393270821843,0.02269728053548211,1.51540080125428,2.1610503282275713,2.1218945295404814,0.02231655131237072,1.7545631553467063,1,2.495633187772926
leviticus,C:\Test\HaShira-Lab\torah-phonetic-architecture\data\data_processed\torah\leviticus_phonetic.txt,0,33694,1,1342,150,25,3,20,80,1000,1,5,1.756627863312054,1.5907690199023659,0.01884959522459842,8.799066581188175,2.130843913368185,1.986170575056012,0.019186971162830968,7.540186363152233,1,2.495152870991797
numbers,C:\Test\HaShira-Lab\torah-phonetic-architecture\data\data_processed\torah\numbers_phonetic.txt,0,47843,1,1908,150,25,3,20,80,1000,1,5,1.6525164690382081,1.558283372859025,0.01615157022502425,5.834299381813919,2.076010498687664,1.9525313385826772,0.017312172230865425,7.132505295022374,1,2.462506554798112
