file,stream_len,n_segments,L,mode,k,min_freq,max_lag,R,min_jaccard,block,perm,seed,adjacent_jaccard_obs,adjacent_jaccard_null_mean,adjacent_jaccard_null_sd,Z_adjacent_jaccard,recurrence_rate_obs,recurrence_rate_null_mean,recurrence_rate_null_sd,Z_recurrence_rate,dominance_mass_obs,dominance_mass_null_mean,dominance_mass_null_sd,Z_dominance_mass
data\data_processed\torah\genesis_phonetic.txt,57435,382,150,topk,3,,10,5,0.5,80,1000,1,0.4026246719160105,0.34154356955380577,0.011151180617410104,5.477545782626825,0.9214659685863874,0.896324607329843,0.013883031954337953,1.8109416832890488,0.3750959860383944,0.3650746073298429,0.0008542029847780119,11.731846981494446
data\data_processed\torah\exodus_phonetic.txt,47871,319,150,topk,3,,10,5,0.5,80,1000,1,0.39433962264150946,0.33663522012578617,0.012531720758029717,4.604667118739389,0.9090909090909091,0.8891818181818182,0.01564756363080573,1.2723444606990046,0.37260188087774293,0.36066405433646814,0.0010109786450211412,11.808188629963741
data\data_processed\torah\leviticus_phonetic.txt,33694,224,150,topk,3,,10,5,0.5,80,1000,1,0.43094170403587445,0.36416143497757847,0.015104664771733138,4.421168563983528,0.9196428571428571,0.9106383928571429,0.016571288460576095,0.5433774390649394,0.3788392857142857,0.36516160714285717,0.001235544641247686,11.070161380503789
data\data_processed\torah\numbers_phonetic.txt,47843,318,150,topk,3,,10,5,0.5,80,1000,1,0.4189274447949527,0.35302712933753944,0.012982545439283233,5.0760704644259365,0.8805031446540881,0.8917767295597484,0.016058925143888868,-0.7020136655877263,0.3710901467505241,0.35837687631027254,0.0009686678195347604,13.124489307756285
data\data_processed\torah\deuteronomy_phonetic.txt,40732,271,150,topk,3,,10,5,0.5,80,1000,1,0.34,0.3082503703703704,0.013029668709014312,2.436718103789108,0.8782287822878229,0.8459852398523985,0.019019753179672055,1.6952660810491302,0.3586715867158672,0.34930836408364085,0.0011060022121562603,8.465826315095525
data\data_processed\modern\hagamad_phonetic.txt,23072,153,150,topk,3,,10,5,0.5,80,1000,1,0.4440789473684211,0.4421493421052632,0.019403818829363005,0.09944461346123747,0.954248366013072,0.9535882352941176,0.014703411557141603,0.044896432123175456,0.35154684095860567,0.34779167755991286,0.0011133185292319082,3.3729461067027593
