corpus,z_adjacent,z_recurrence,z_mass,n_segments
genesis,5.477545782626825,1.8109416832890488,11.731846981494446,382
exodus,4.604667118739389,1.2723444606990046,11.808188629963741,319
leviticus,4.421168563983528,0.5433774390649394,11.070161380503789,224
numbers,5.0760704644259365,-0.7020136655877263,13.124489307756285,318
deuteronomy,2.436718103789108,1.6952660810491302,8.465826315095525,271
hagamad,0.09944461346123747,0.044896432123175456,3.3729461067027593,153
